{
  "test": "Test 6: GCB Verification",
  "result": {
    "n_points_tested": 10,
    "n_gcb_confirmed": 0,
    "confirmation_rate": 0.0,
    "mean_gcb_ratio": 1.127276778163278,
    "median_gcb_ratio": 1.1186146223381028,
    "mean_opposing_angle": 0.42401964839424494
  },
  "point_results": [
    {
      "location": [
        0,
        0
      ],
      "n_branches": 20,
      "branch_magnitudes": [
        98.375,
        91.1875,
        87.3125,
        91.25,
        91.9375,
        103.25,
        74.625,
        76.875,
        89.25,
        85.125,
        85.25,
        98.9375,
        87.0,
        103.125,
        101.875,
        82.0,
        88.625,
        100.8125,
        89.875,
        85.875
      ],
      "aggregate_magnitude": 98.125,
      "gcb_ratio": 1.0827212854729147,
      "gcb_confirmed": false,
      "mean_pairwise_angle": 0.5784091194531785
    },
    {
      "location": [
        0,
        1
      ],
      "n_branches": 20,
      "branch_magnitudes": [
        48.9375,
        53.6875,
        42.0625,
        43.21875,
        47.46875,
        50.9375,
        32.25,
        63.21875,
        50.90625,
        60.5,
        47.5625,
        55.3125,
        53.25,
        55.84375,
        42.625,
        39.9375,
        68.0,
        32.28125,
        52.375,
        50.09375
      ],
      "aggregate_magnitude": 54.59375,
      "gcb_ratio": 1.1023820791923016,
      "gcb_confirmed": false,
      "mean_pairwise_angle": 0.5099231165360002
    },
    {
      "location": [
        0,
        2
      ],
      "n_branches": 20,
      "branch_magnitudes": [
        67.625,
        72.6875,
        55.59375,
        53.4375,
        56.875,
        62.5,
        65.25,
        39.1875,
        72.375,
        66.5,
        71.3125,
        71.8125,
        59.0,
        69.6875,
        65.3125,
        55.4375,
        66.9375,
        52.40625,
        74.6875,
        45.8125
      ],
      "aggregate_magnitude": 68.4375,
      "gcb_ratio": 1.0998945306614434,
      "gcb_confirmed": false,
      "mean_pairwise_angle": 0.35240455994765624
    },
    {
      "location": [
        0,
        3
      ],
      "n_branches": 20,
      "branch_magnitudes": [
        66.1875,
        66.8125,
        50.28125,
        54.28125,
        54.25,
        61.40625,
        40.3125,
        58.8125,
        53.1875,
        64.4375,
        70.0,
        61.0,
        55.4375,
        63.65625,
        63.71875,
        57.5625,
        51.625,
        40.0,
        61.0,
        54.15625
      ],
      "aggregate_magnitude": 65.75,
      "gcb_ratio": 1.14534567229178,
      "gcb_confirmed": false,
      "mean_pairwise_angle": 0.38970269832844245
    },
    {
      "location": [
        0,
        4
      ],
      "n_branches": 20,
      "branch_magnitudes": [
        58.21875,
        59.8125,
        46.375,
        44.25,
        51.46875,
        35.6875,
        52.09375,
        47.625,
        45.0,
        53.6875,
        58.625,
        50.46875,
        48.21875,
        52.0625,
        54.96875,
        37.3125,
        44.5625,
        54.15625,
        50.6875,
        42.96875
      ],
      "aggregate_magnitude": 55.84375,
      "gcb_ratio": 1.1301543131798633,
      "gcb_confirmed": false,
      "mean_pairwise_angle": 0.4146342585834607
    },
    {
      "location": [
        0,
        5
      ],
      "n_branches": 20,
      "branch_magnitudes": [
        69.4375,
        66.75,
        53.75,
        56.3125,
        60.25,
        62.03125,
        57.59375,
        40.4375,
        52.65625,
        62.78125,
        60.4375,
        65.8125,
        56.8125,
        52.71875,
        62.4375,
        57.03125,
        52.9375,
        42.40625,
        56.8125,
        50.0625
      ],
      "aggregate_magnitude": 63.625,
      "gcb_ratio": 1.1167484847653786,
      "gcb_confirmed": false,
      "mean_pairwise_angle": 0.37963604469307916
    },
    {
      "location": [
        0,
        6
      ],
      "n_branches": 20,
      "branch_magnitudes": [
        56.875,
        54.125,
        42.6875,
        49.96875,
        46.375,
        35.0,
        48.71875,
        53.40625,
        55.03125,
        45.21875,
        56.84375,
        51.375,
        44.53125,
        47.5625,
        46.0625,
        52.4375,
        49.90625,
        36.125,
        43.28125,
        51.6875
      ],
      "aggregate_magnitude": 54.1875,
      "gcb_ratio": 1.1204807599108269,
      "gcb_confirmed": false,
      "mean_pairwise_angle": 0.4281178331225557
    },
    {
      "location": [
        0,
        7
      ],
      "n_branches": 20,
      "branch_magnitudes": [
        69.875,
        66.875,
        56.09375,
        57.0,
        57.4375,
        48.25,
        61.625,
        56.875,
        50.8125,
        64.25,
        60.46875,
        67.5,
        55.09375,
        55.75,
        60.0625,
        40.9375,
        66.0625,
        50.59375,
        57.25,
        49.0
      ],
      "aggregate_magnitude": 62.84375,
      "gcb_ratio": 1.0912149329860545,
      "gcb_confirmed": false,
      "mean_pairwise_angle": 0.408289229255682
    },
    {
      "location": [
        0,
        8
      ],
      "n_branches": 20,
      "branch_magnitudes": [
        62.4375,
        57.84375,
        50.375,
        47.84375,
        56.59375,
        55.0,
        52.1875,
        38.5625,
        60.46875,
        47.1875,
        63.21875,
        57.65625,
        39.5625,
        48.84375,
        59.65625,
        51.40625,
        53.0625,
        50.625,
        48.875,
        49.28125
      ],
      "aggregate_magnitude": 60.96875,
      "gcb_ratio": 1.1605496401165905,
      "gcb_confirmed": false,
      "mean_pairwise_angle": 0.4141772382069526
    },
    {
      "location": [
        0,
        9
      ],
      "n_branches": 20,
      "branch_magnitudes": [
        67.875,
        66.875,
        53.9375,
        62.03125,
        63.40625,
        58.6875,
        49.1875,
        51.375,
        59.03125,
        75.625,
        72.0,
        77.6875,
        49.21875,
        59.75,
        58.34375,
        69.5,
        56.875,
        59.25,
        53.9375,
        54.46875
      ],
      "aggregate_magnitude": 74.5625,
      "gcb_ratio": 1.2232760830556269,
      "gcb_confirmed": false,
      "mean_pairwise_angle": 0.3649023858154415
    }
  ]
}