{
  "mode": "density",
  "model": "stabilityai/stablelm-2-zephyr-1_6b",
  "experiments_run": [
    "exp1"
  ],
  "n_samples": 5,
  "results": {
    "exp1": {
      "per_layer": {
        "0": {
          "n_samples": 5,
          "mean": 0.493798828125,
          "std": 0.1571806543273936,
          "min": 0.329833984375,
          "max": 0.77734375,
          "percentiles": {
            "1": 0.331298828125,
            "5": 0.337158203125,
            "10": 0.344482421875,
            "25": 0.366455078125,
            "50": 0.49755859375
          },
          "values": [
            0.497802734375,
            0.49755859375,
            0.77734375,
            0.366455078125,
            0.329833984375
          ]
        },
        "1": {
          "n_samples": 5,
          "mean": 2.3572265625,
          "std": 1.5393396304268705,
          "min": 0.890625,
          "max": 5.1171875,
          "percentiles": {
            "1": 0.90078125,
            "5": 0.94140625,
            "10": 0.9921875,
            "25": 1.14453125,
            "50": 1.7666015625
          },
          "values": [
            2.8671875,
            1.7666015625,
            0.890625,
            1.14453125,
            5.1171875
          ]
        },
        "2": {
          "n_samples": 5,
          "mean": 3.695703125,
          "std": 1.0952844983492729,
          "min": 2.666015625,
          "max": 5.140625,
          "percentiles": {
            "1": 2.667578125,
            "5": 2.673828125,
            "10": 2.681640625,
            "25": 2.705078125,
            "50": 3.060546875
          },
          "values": [
            2.666015625,
            5.140625,
            3.060546875,
            2.705078125,
            4.90625
          ]
        },
        "3": {
          "n_samples": 5,
          "mean": 4.406640625,
          "std": 1.077971003494528,
          "min": 3.08984375,
          "max": 5.8359375,
          "percentiles": {
            "1": 3.108984375,
            "5": 3.185546875,
            "10": 3.28125,
            "25": 3.568359375,
            "50": 4.0390625
          },
          "values": [
            4.0390625,
            5.5,
            3.568359375,
            3.08984375,
            5.8359375
          ]
        },
        "4": {
          "n_samples": 5,
          "mean": 6.57734375,
          "std": 1.507752589483351,
          "min": 4.0546875,
          "max": 8.6640625,
          "percentiles": {
            "1": 4.14671875,
            "5": 4.51484375,
            "10": 4.975,
            "25": 6.35546875,
            "50": 6.46875
          },
          "values": [
            6.46875,
            7.34375,
            4.0546875,
            6.35546875,
            8.6640625
          ]
        },
        "5": {
          "n_samples": 5,
          "mean": 7.884375,
          "std": 1.514191896560464,
          "min": 5.88671875,
          "max": 9.9609375,
          "percentiles": {
            "1": 5.91421875,
            "5": 6.02421875,
            "10": 6.16171875,
            "25": 6.57421875,
            "50": 7.9140625
          },
          "values": [
            9.9609375,
            9.0859375,
            6.57421875,
            5.88671875,
            7.9140625
          ]
        },
        "6": {
          "n_samples": 5,
          "mean": 12.2734375,
          "std": 3.526677072241659,
          "min": 8.6875,
          "max": 19.015625,
          "percentiles": {
            "1": 8.7646875,
            "5": 9.0734375,
            "10": 9.459375,
            "25": 10.6171875,
            "50": 11.484375
          },
          "values": [
            11.484375,
            19.015625,
            11.5625,
            8.6875,
            10.6171875
          ]
        },
        "7": {
          "n_samples": 5,
          "mean": 17.6640625,
          "std": 2.6697451306257682,
          "min": 13.7421875,
          "max": 21.5,
          "percentiles": {
            "1": 13.845625,
            "5": 14.259375,
            "10": 14.7765625,
            "25": 16.328125,
            "50": 17.203125
          },
          "values": [
            19.546875,
            13.7421875,
            21.5,
            16.328125,
            17.203125
          ]
        },
        "8": {
          "n_samples": 5,
          "mean": 19.7546875,
          "std": 7.141195272632936,
          "min": 12.875,
          "max": 31.875,
          "percentiles": {
            "1": 12.8959375,
            "5": 12.9796875,
            "10": 13.084375,
            "25": 13.3984375,
            "50": 17.171875
          },
          "values": [
            12.875,
            17.171875,
            31.875,
            13.3984375,
            23.453125
          ]
        },
        "9": {
          "n_samples": 5,
          "mean": 20.20703125,
          "std": 11.320186334700669,
          "min": 6.70703125,
          "max": 34.46875,
          "percentiles": {
            "1": 6.8775,
            "5": 7.559375,
            "10": 8.41171875,
            "25": 10.96875,
            "50": 16.265625
          },
          "values": [
            16.265625,
            6.70703125,
            10.96875,
            32.625,
            34.46875
          ]
        },
        "10": {
          "n_samples": 5,
          "mean": 26.60625,
          "std": 3.22157642893972,
          "min": 23.171875,
          "max": 31.953125,
          "percentiles": {
            "1": 23.190625,
            "5": 23.265625,
            "10": 23.359375,
            "25": 23.640625,
            "50": 26.09375
          },
          "values": [
            23.640625,
            28.171875,
            23.171875,
            26.09375,
            31.953125
          ]
        },
        "11": {
          "n_samples": 5,
          "mean": 38.01875,
          "std": 10.6022292761947,
          "min": 20.25,
          "max": 48.9375,
          "percentiles": {
            "1": 20.78375,
            "5": 22.91875,
            "10": 25.5875,
            "25": 33.59375,
            "50": 38.96875
          },
          "values": [
            33.59375,
            38.96875,
            48.9375,
            20.25,
            48.34375
          ]
        },
        "12": {
          "n_samples": 5,
          "mean": 34.740625,
          "std": 17.821548140523593,
          "min": 16.09375,
          "max": 59.875,
          "percentiles": {
            "1": 16.294375,
            "5": 17.096875,
            "10": 18.1,
            "25": 21.109375,
            "50": 24.21875
          },
          "values": [
            16.09375,
            52.40625,
            24.21875,
            59.875,
            21.109375
          ]
        },
        "13": {
          "n_samples": 5,
          "mean": 37.240625,
          "std": 11.217233532605087,
          "min": 26.125,
          "max": 58.09375,
          "percentiles": {
            "1": 26.241875,
            "5": 26.709375,
            "10": 27.29375,
            "25": 29.046875,
            "50": 35.375
          },
          "values": [
            29.046875,
            37.5625,
            35.375,
            26.125,
            58.09375
          ]
        },
        "14": {
          "n_samples": 5,
          "mean": 50.940625,
          "std": 22.66634774974786,
          "min": 30.015625,
          "max": 94.125,
          "percentiles": {
            "1": 30.31125,
            "5": 31.49375,
            "10": 32.971875,
            "25": 37.40625,
            "50": 41.84375
          },
          "values": [
            37.40625,
            41.84375,
            94.125,
            51.3125,
            30.015625
          ]
        },
        "15": {
          "n_samples": 5,
          "mean": 54.93125,
          "std": 22.05745693070713,
          "min": 30.3125,
          "max": 90.1875,
          "percentiles": {
            "1": 30.52125,
            "5": 31.35625,
            "10": 32.4,