{
  "test": "Fourier Period Detection (Layer-Specific)",
  "results": {
    "5": {
      "period": 5,
      "layer": 11,
      "mean_strength": 4.005734728600864,
      "std_strength": 0.8956855604487969,
      "p_value": 1.6918140817509004e-06,
      "significant": true
    },
    "10": {
      "period": 10,
      "layer": 9,
      "mean_strength": 1.2325780304945997,
      "std_strength": 0.20131777269457976,
      "p_value": 0.0035476062132900384,
      "significant": true
    },
    "100": {
      "period": 100,
      "layer": 6,
      "mean_strength": 6.77545286298187,
      "std_strength": 0.2544184591654821,
      "p_value": 8.016195651504068e-14,
      "significant": true
    }
  },
  "verdict": "HELIX PERIODS CONFIRMED"
}